Code,Reg,Dep,PopulationTotal,Level
75056,11,75,2187526.0,Municipality
75101,11,75,16266.0,Municipality
75102,11,75,20900.0,Municipality
75103,11,75,34115.0,Municipality
75104,11,75,28088.0,Municipality
75105,11,75,58850.0,Municipality
75106,11,75,41100.0,Municipality
75107,11,75,51367.0,Municipality
75108,11,75,36808.0,Municipality
75109,11,75,59555.0,Municipality
75110,11,75,90372.0,Municipality
75111,11,75,146643.0,Municipality
75112,11,75,140296.0,Municipality
75113,11,75,182099.0,Municipality
75114,11,75,135964.0,Municipality
75115,11,75,233392.0,Municipality
75116,11,75,166361.0,Municipality
75117,11,75,167288.0,Municipality
75118,11,75,195233.0,Municipality
75119,11,75,187015.0,Municipality
75120,11,75,195814.0,Municipality
77001,11,77,1125.0,Municipality
77002,11,77,825.0,Municipality
77003,11,77,351.0,Municipality
77004,11,77,284.000000000001,Municipality
77005,11,77,3278.0,Municipality
77006,11,77,995.0,Municipality
77007,11,77,375.999999999998,Municipality
77008,11,77,1242.0,Municipality
77009,11,77,125.0,Municipality
77010,11,77,917.0,Municipality
77011,11,77,513.999999999999,Municipality
77012,11,77,300.0,Municipality
77013,11,77,356.0,Municipality
77014,11,77,13886.0,Municipality
77015,11,77,95.0,Municipality
77016,11,77,1666.00000000001,Municipality
77018,11,77,7521.00000000001,Municipality
77019,11,77,327.0,Municipality
77020,11,77,657.999999999999,Municipality
77021,11,77,148.0,Municipality
77022,11,77,1135.0,Municipality
77023,11,77,304.0,Municipality
77024,11,77,364.0,Municipality
77025,11,77,861.0,Municipality
77026,11,77,368.0,Municipality
77027,11,77,1180.0,Municipality
77029,11,77,205.0,Municipality
77030,11,77,774.000000000003,Municipality
77031,11,77,826.999999999999,Municipality
77032,11,77,906.0,Municipality
77033,11,77,241.000000000001,Municipality
77034,11,77,739.0,Municipality
77035,11,77,559.0,Municipality
77036,11,77,140.0,Municipality
77037,11,77,5876.0,Municipality
77038,11,77,400.999999999999,Municipality
77039,11,77,1150.0,Municipality
77040,11,77,3774.99999999999,Municipality
77041,11,77,290.0,Municipality
77042,11,77,3151.0,Municipality
77043,11,77,372.999999999999,Municipality
77044,11,77,960.999999999999,Municipality
77045,11,77,725.0,Municipality
77046,11,77,347.0,Municipality
77047,11,77,1645.0,Municipality
77048,11,77,2771.99999999999,Municipality
77049,11,77,861.999999999998,Municipality
77050,11,77,568.0,Municipality
77051,11,77,2243.0,Municipality
77052,11,77,327.0,Municipality
77053,11,77,17817.0,Municipality
77054,11,77,772.999999999999,Municipality
77055,11,77,4382.0,Municipality
77056,11,77,154.000000000001,Municipality
77057,11,77,524.000000000002,Municipality
77058,11,77,27379.0,Municipality
77059,11,77,675.999999999999,Municipality
77060,11,77,730.0,Municipality
77061,11,77,2466.0,Municipality
77062,11,77,454.0,Municipality
77063,11,77,1313.0,Municipality
77065,11,77,1183.0,Municipality
77066,11,77,323.0,Municipality
77067,11,77,10418.0,Municipality
77068,11,77,214.0,Municipality
77069,11,77,2037.0,Municipality
77070,11,77,1394.0,Municipality
77071,11,77,908.999999999999,Municipality
77072,11,77,703.000000000003,Municipality
77073,11,77,572.0,Municipality
77075,11,77,1266.0,Municipality
77076,11,77,752.0,Municipality
77077,11,77,979.0,Municipality
77078,11,77,1356.0,Municipality
77079,11,77,6233.0,Municipality
77080,11,77,208.0,Municipality
77081,11,77,726.0,Municipality
77082,11,77,823.0,Municipality
77083,11,77,25041.0,Municipality
77084,11,77,1261.0,Municipality
77085,11,77,3953.0,Municipality
77086,11,77,1454.0,Municipality
77087,11,77,169.0,Municipality
77088,11,77,2418.0,Municipality
77089,11,77,946.000000000002,Municipality
77090,11,77,243.0,Municipality
77091,11,77,470.0,Municipality
77093,11,77,443.0,Municipality
77094,11,77,289.0,Municipality
77095,11,77,1313.0,Municipality
77096,11,77,2554.00000000001,Municipality
77097,11,77,296.0,Municipality
77098,11,77,361.0,Municipality
77099,11,77,2952.0,Municipality
77100,11,77,4453.99999999999,Municipality
77101,11,77,1024.0,Municipality
77102,11,77,168.0,Municipality
77103,11,77,216.0,Municipality
77104,11,77,678.0,Municipality
77106,11,77,1022.0,Municipality
77107,11,77,3242.0,Municipality
77108,11,77,54917.0,Municipality
77109,11,77,1623.0,Municipality
77110,11,77,326.999999999999,Municipality
77111,11,77,5633.0,Municipality
77112,11,77,242.0,Municipality
77113,11,77,1105.0,Municipality
77114,11,77,3952.00000000001,Municipality
77115,11,77,522.000000000001,Municipality
77116,11,77,1349.0,Municipality
77117,11,77,917.000000000001,Municipality
77118,11,77,12486.0,Municipality
77119,11,77,263.0,Municipality
77120,11,77,634.999999999999,Municipality
77121,11,77,3400.0,Municipality
77122,11,77,22383.0,Municipality
77123,11,77,808.0,Municipality
77124,11,77,1746.0,Municipality
77125,11,77,1417.0,Municipality
77126,11,77,1768.0,Municipality
77127,11,77,1934.0,Municipality
77128,11,77,2154.0,Municipality
77129,11,77,571.000000000001,Municipality
77130,11,77,430.000000000001,Municipality
77131,11,77,14838.0,Municipality
77132,11,77,2864.0,Municipality
77133,11,77,206.0,Municipality
77134,11,77,150.000000000001,Municipality
77135,11,77,1323.0,Municipality
77136,11,77,195.0,Municipality
77137,11,77,241.999999999999,Municipality
77138,11,77,532.0,Municipality
77139,11,77,6492.0,Municipality
77140,11,77,300.000000000001,Municipality
77141,11,77,1108.0,Municipality
77142,11,77,4531.0,Municipality
77143,11,77,4749.0,Municipality
77144,11,77,406.0,Municipality
77145,11,77,658.999999999999,Municipality
77146,11,77,1987.0,Municipality
77147,11,77,670.999999999998,Municipality
77148,11,77,1914.00000000001,Municipality
77150,11,77,441.0,Municipality
77151,11,77,294.0,Municipality
77152,11,77,21835.0,Municipality
77153,11,77,9920.00000000001,Municipality
77154,11,77,1068.0,Municipality
77155,11,77,3374.99999999999,Municipality
77156,11,77,875.0,Municipality
77157,11,77,299.999999999999,Municipality
77158,11,77,197.0,Municipality
77159,11,77,2832.0,Municipality
77161,11,77,806.0,Municipality
77162,11,77,1019.0,Municipality
77163,11,77,325.0,Municipality
77164,11,77,557.0,Municipality
77165,11,77,604.0,Municipality
77167,11,77,331.0,Municipality
77168,11,77,2150.0,Municipality
77169,11,77,7720.00000000001,Municipality
77171,11,77,6220.0,Municipality
77172,11,77,899.0,Municipality
77173,11,77,889.000000000001,Municipality
77174,11,77,590.0,Municipality
77175,11,77,2866.0,Municipality
77176,11,77,2822.0,Municipality
77177,11,77,1109.0,Municipality
77178,11,77,487.0,Municipality
77179,11,77,579.0,Municipality
77180,11,77,1237.0,Municipality
77181,11,77,3433.0,Municipality
77182,11,77,4860.00000000001,Municipality
77183,11,77,9618.99999999999,Municipality
77184,11,77,648.999999999999,Municipality
77185,11,77,655.999999999998,Municipality
77186,11,77,14886.0,Municipality
77187,11,77,602.0,Municipality
77188,11,77,1001.0,Municipality
77190,11,77,247.0,Municipality
77191,11,77,1066.0,Municipality
77192,11,77,5574.0,Municipality
77193,11,77,218.0,Municipality
77194,11,77,418.0,Municipality
77195,11,77,575.0,Municipality
77196,11,77,931.000000000003,Municipality
77197,11,77,167.0,Municipality
77198,11,77,239.0,Municipality
77199,11,77,1366.0,Municipality
77200,11,77,114.0,Municipality
77201,11,77,689.0,Municipality
77202,11,77,784.000000000003,Municipality
77203,11,77,1306.0,Municipality
77204,11,77,209.0,Municipality
77205,11,77,151.000000000001,Municipality
77206,11,77,172.0,Municipality
77207,11,77,155.0,Municipality
77208,11,77,1479.0,Municipality
77209,11,77,1176.0,Municipality
77210,11,77,2786.0,Municipality
77211,11,77,1028.0,Municipality
77212,11,77,165.0,Municipality
77214,11,77,839.999999999999,Municipality
77215,11,77,8656.99999999999,Municipality
77216,11,77,1414.0,Municipality
77217,11,77,2451.0,Municipality
77218,11,77,109.0,Municipality
77219,11,77,2480.0,Municipality
77220,11,77,269.0,Municipality
77221,11,77,1147.0,Municipality
77222,11,77,4095.0,Municipality
77223,11,77,573.0,Municipality
77224,11,77,255.0,Municipality
77225,11,77,300.0,Municipality
77226,11,77,2604.0,Municipality
77227,11,77,642.0,Municipality
77228,11,77,254.0,Municipality
77229,11,77,1629.0,Municipality
77230,11,77,166.0,Municipality
77231,11,77,806.0,Municipality
77232,11,77,1014.0,Municipality
77233,11,77,588.0,Municipality
77234,11,77,686.0,Municipality
77235,11,77,308.0,Municipality
77236,11,77,362.0,Municipality
77237,11,77,687.000000000003,Municipality
77238,11,77,4337.0,Municipality
77239,11,77,1527.0,Municipality
77240,11,77,2096.0,Municipality
77241,11,77,1963.0,Municipality
77242,11,77,551.0,Municipality
77243,11,77,21356.0,Municipality
77244,11,77,696.0,Municipality
77245,11,77,448.000000000001,Municipality
77246,11,77,596.0,Municipality
77247,11,77,463.000000000001,Municipality
77248,11,77,743.0,Municipality
77249,11,77,7214.00000000001,Municipality
77250,11,77,163.999999999999,Municipality
77251,11,77,13291.0,Municipality
77252,11,77,490.0,Municipality
77253,11,77,230.0,Municipality
77254,11,77,1316.0,Municipality
77255,11,77,2076.0,Municipality
77256,11,77,185.0,Municipality
77257,11,77,3566.00000000001,Municipality
77258,11,77,14000.0,Municipality
77259,11,77,2368.0,Municipality
77260,11,77,1796.0,Municipality
77261,11,77,1230.0,Municipality
77262,11,77,476.999999999999,Municipality
77263,11,77,243.0,Municipality
77264,11,77,1527.0,Municipality
77265,11,77,1110.0,Municipality
77266,11,77,783.000000000002,Municipality
77267,11,77,355.0,Municipality
77268,11,77,8645.0,Municipality
77269,11,77,1732.0,Municipality
77270,11,77,900.0,Municipality
77271,11,77,133.0,Municipality
77272,11,77,879.000000000002,Municipality
77273,11,77,564.0,Municipality
77274,11,77,472.999999999998,Municipality
77275,11,77,149.0,Municipality
77276,11,77,3107.99999999999,Municipality
77277,11,77,1679.0,Municipality
77278,11,77,401.000000000001,Municipality
77279,11,77,1748.0,Municipality
77280,11,77,1159.0,Municipality
77281,11,77,483.0,Municipality
77282,11,77,353.000000000001,Municipality
77283,11,77,912.000000000003,Municipality
77284,11,77,54991.0,Municipality
77285,11,77,20816.0,Municipality
77286,11,77,232.0,Municipality
77287,11,77,501.0,Municipality
77288,11,77,40032.0,Municipality
77289,11,77,351.999999999999,Municipality
77290,11,77,670.000000000003,Municipality
77291,11,77,1014.0,Municipality
77292,11,77,1161.0,Municipality
77293,11,77,978.0,Municipality
77294,11,77,19931.0,Municipality
77295,11,77,1380.0,Municipality
77296,11,77,17713.0,Municipality
77297,11,77,336.999999999999,Municipality
77298,11,77,451.999999999999,Municipality
77300,11,77,594.0,Municipality
77301,11,77,330.0,Municipality
77302,11,77,1982.0,Municipality
77303,11,77,246.000000000001,Municipality
77304,11,77,26.0,Municipality
77305,11,77,20206.0,Municipality
77306,11,77,516.0,Municipality
77307,11,77,11563.0,Municipality
77308,11,77,771.999999999999,Municipality
77309,11,77,1707.0,Municipality
77310,11,77,301.0,Municipality
77311,11,77,1386.0,Municipality
77312,11,77,2701.00000000001,Municipality
77313,11,77,246.0,Municipality
77314,11,77,238.0,Municipality
77315,11,77,3631.0,Municipality
77316,11,77,12214.0,Municipality
77317,11,77,4834.00000000001,Municipality
77318,11,77,1445.0,Municipality
77319,11,77,149.0,Municipality
77320,11,77,5491.0,Municipality
77321,11,77,701.000000000001,Municipality
77322,11,77,3054.0,Municipality
77323,11,77,1428.0,Municipality
77325,11,77,357.0,Municipality
77326,11,77,6042.0,Municipality
77327,11,77,8710.0,Municipality
77328,11,77,435.000000000001,Municipality
77329,11,77,695.0,Municipality
77330,11,77,6160.0,Municipality
77331,11,77,430.0,Municipality
77332,11,77,277.0,Municipality
77333,11,77,13081.0,Municipality
77335,11,77,3289.0,Municipality
77336,11,77,1091.0,Municipality
77337,11,77,15230.0,Municipality
77338,11,77,610.0,Municipality
77339,11,77,1832.0,Municipality
77340,11,77,618.0,Municipality
77341,11,77,371.0,Municipality
77342,11,77,112.0,Municipality
77343,11,77,428.999999999999,Municipality
77344,11,77,2276.0,Municipality
77345,11,77,676.999999999999,Municipality
77347,11,77,858.0,Municipality
77348,11,77,243.0,Municipality
77349,11,77,6680.00000000001,Municipality
77350,11,77,20331.0,Municipality
77352,11,77,1904.0,Municipality
77353,11,77,421.0,Municipality
77354,11,77,941.999999999998,Municipality
77355,11,77,167.0,Municipality
77356,11,77,46.9999999999999,Municipality
77357,11,77,862.999999999997,Municipality
77358,11,77,1083.0,Municipality
77359,11,77,1995.0,Municipality
77360,11,77,392.0,Municipality
77361,11,77,470.0,Municipality
77363,11,77,1467.0,Municipality
77364,11,77,280.000000000001,Municipality
77365,11,77,591.0,Municipality
77366,11,77,296.999999999999,Municipality
77367,11,77,268.0,Municipality
77368,11,77,528.0,Municipality
77369,11,77,692.0,Municipality
77370,11,77,798.000000000003,Municipality
77371,11,77,2924.99999999999,Municipality
77372,11,77,4034.0,Municipality
77373,11,77,37747.0,Municipality
77374,11,77,2251.0,Municipality
77376,11,77,803.000000000001,Municipality
77377,11,77,2312.00000000001,Municipality
77378,11,77,2924.0,Municipality
77379,11,77,11844.0,Municipality
77380,11,77,319.000000000001,Municipality
77381,11,77,667.999999999998,Municipality
77382,11,77,5435.0,Municipality
77383,11,77,825.0,Municipality
77384,11,77,1834.0,Municipality
77385,11,77,2288.0,Municipality
77386,11,77,635.0,Municipality
77387,11,77,459.0,Municipality
77388,11,77,834.000000000003,Municipality
77389,11,77,3412.0,Municipality
77390,11,77,22994.0,Municipality
77391,11,77,486.000000000001,Municipality
77392,11,77,898.999999999998,Municipality
77393,11,77,2826.0,Municipality
77394,11,77,2355.0,Municipality
77395,11,77,123.0,Municipality
77396,11,77,101.0,Municipality
77397,11,77,1813.0,Municipality
77398,11,77,721.0,Municipality
77400,11,77,1738.0,Municipality
77401,11,77,680.000000000002,Municipality
77402,11,77,329.0,Municipality
77403,11,77,780.999999999998,Municipality
77404,11,77,1822.0,Municipality
77405,11,77,1952.0,Municipality
77406,11,77,975.0,Municipality
77407,11,77,14206.0,Municipality
77408,11,77,402.0,Municipality
77409,11,77,2762.0,Municipality
77410,11,77,742.999999999997,Municipality
77411,11,77,537.0,Municipality
77412,11,77,366.0,Municipality
77413,11,77,3664.0,Municipality
77414,11,77,473.0,Municipality
77415,11,77,1272.0,Municipality
77416,11,77,240.000000000001,Municipality
77417,11,77,260.999999999999,Municipality
77418,11,77,882.000000000003,Municipality
77419,11,77,3347.0,Municipality
77420,11,77,3857.0,Municipality
77421,11,77,283.0,Municipality
77423,11,77,649.999999999999,Municipality
77424,11,77,287.0,Municipality
77425,11,77,751.0,Municipality
77426,11,77,344.0,Municipality
77427,11,77,612.999999999997,Municipality
77428,11,77,836.000000000001,Municipality
77429,11,77,536.0,Municipality
77430,11,77,6054.99999999998,Municipality
77431,11,77,5483.0,Municipality
77432,11,77,983.0,Municipality
77433,11,77,2015.0,Municipality
77434,11,77,359.0,Municipality
77435,11,77,1122.0,Municipality
77436,11,77,895.999999999996,Municipality
77437,11,77,3242.99999999999,Municipality
77438,11,77,6447.00000000003,Municipality
77439,11,77,1102.0,Municipality
77440,11,77,1125.0,Municipality
77441,11,77,2053.0,Municipality
77442,11,77,2308.0,Municipality
77443,11,77,383.0,Municipality
77444,11,77,321.000000000001,Municipality
77445,11,77,29984.0,Municipality
77446,11,77,606.0,Municipality
77447,11,77,1888.0,Municipality
77448,11,77,499.999999999999,Municipality
77449,11,77,9040.0,Municipality
77450,11,77,3251.0,Municipality
77451,11,77,584.0,Municipality
77452,11,77,57.0,Municipality
77453,11,77,1214.0,Municipality
77454,11,77,394.000000000001,Municipality
77455,11,77,1957.0,Municipality
77456,11,77,820.000000000002,Municipality
77457,11,77,1211.0,Municipality
77458,11,77,5390.0,Municipality
77459,11,77,1484.0,Municipality
77460,11,77,356.999999999999,Municipality
77461,11,77,291.0,Municipality
77462,11,77,913.000000000003,Municipality
77463,11,77,3467.00000000001,Municipality
77464,11,77,10154.0,Municipality
77465,11,77,673.000000000001,Municipality
77466,11,77,381.0,Municipality
77467,11,77,223.999999999999,Municipality
77468,11,77,22568.0,Municipality
77469,11,77,1206.0,Municipality
77470,11,77,8718.00000000001,Municipality
77471,11,77,391.0,Municipality
77472,11,77,493.0,Municipality
77473,11,77,425.0,Municipality
77474,11,77,662.0,Municipality
77475,11,77,5033.0,Municipality
77476,11,77,239.0,Municipality
77477,11,77,847.0,Municipality
77478,11,77,1067.0,Municipality
77479,11,77,13327.0,Municipality
77480,11,77,966.0,Municipality
77481,11,77,183.000000000001,Municipality
77482,11,77,3469.0,Municipality
77483,11,77,2004.0,Municipality
77484,11,77,256.0,Municipality
77485,11,77,739.000000000001,Municipality
77486,11,77,901.999999999998,Municipality
77487,11,77,11062.0,Municipality
77489,11,77,226.0,Municipality
77490,11,77,729.999999999997,Municipality
77492,11,77,689.999999999999,Municipality
77493,11,77,3237.0,Municipality
77494,11,77,2672.99999999999,Municipality
77495,11,77,7610.0,Municipality
77496,11,77,190.000000000001,Municipality
77498,11,77,309.0,Municipality
77500,11,77,479.0,Municipality
77501,11,77,718.999999999999,Municipality
77504,11,77,1110.0,Municipality
77505,11,77,404.999999999999,Municipality
77506,11,77,742.0,Municipality
77507,11,77,426.0,Municipality
77508,11,77,1850.0,Municipality
77509,11,77,612.0,Municipality
77510,11,77,924.0,Municipality
77511,11,77,641.0,Municipality
77512,11,77,1131.0,Municipality
77513,11,77,4903.0,Municipality
77514,11,77,26322.0,Municipality
77515,11,77,720.999999999998,Municipality
77516,11,77,814.0,Municipality
77517,11,77,2122.0,Municipality
77518,11,77,211.0,Municipality
77519,11,77,1231.0,Municipality
77520,11,77,681.000000000003,Municipality
77521,11,77,1926.0,Municipality
77522,11,77,300.0,Municipality
77523,11,77,265.0,Municipality
77524,11,77,521.0,Municipality
77525,11,77,379.0,Municipality
77526,11,77,289.0,Municipality
77527,11,77,595.999999999999,Municipality
77528,11,77,1133.0,Municipality
77529,11,77,1521.99999999999,Municipality
77530,11,77,317.0,Municipality
77531,11,77,1729.0,Municipality
77532,11,77,64.0,Municipality
77533,11,77,2722.0,Municipality
77534,11,77,959.999999999998,Municipality
78003,11,78,3439.0,Municipality
78005,11,78,21017.0,Municipality
78006,11,78,731.000000000003,Municipality
78007,11,78,1084.0,Municipality
78009,11,78,306.0,Municipality
78010,11,78,1201.0,Municipality
78013,11,78,476.0,Municipality
78015,11,78,13324.0,Municipality
78020,11,78,938.000000000002,Municipality
78029,11,78,11817.0,Municipality
78030,11,78,1982.00000000001,Municipality
78031,11,78,650.000000000002,Municipality
78033,11,78,1140.0,Municipality
78034,11,78,955.0,Municipality
78036,11,78,509.0,Municipality
78043,11,78,3721.00000000001,Municipality
78048,11,78,1454.0,Municipality
78049,11,78,1582.0,Municipality
78050,11,78,621.0,Municipality
78053,11,78,460.000000000001,Municipality
78057,11,78,1897.0,Municipality
78062,11,78,7661.99999999999,Municipality
78068,11,78,889.0,Municipality
78070,11,78,292.0,Municipality
78071,11,78,608.0,Municipality
78072,11,78,291.0,Municipality
78073,11,78,15142.0,Municipality
78076,11,78,266.0,Municipality
78077,11,78,764.999999999998,Municipality
78082,11,78,614.0,Municipality
78084,11,78,646.000000000002,Municipality
78087,11,78,1963.0,Municipality
78089,11,78,4612.0,Municipality
78090,11,78,2156.0,Municipality
78092,11,78,8699.0,Municipality
78096,11,78,495.999999999999,Municipality
78104,11,78,735.0,Municipality
78107,11,78,1820.00000000001,Municipality
78108,11,78,1244.0,Municipality
78113,11,78,691.0,Municipality
78117,11,78,5820.99999999999,Municipality
78118,11,78,3133.0,Municipality
78120,11,78,1914.0,Municipality
78123,11,78,16212.0,Municipality
78124,11,78,14967.0,Municipality
78125,11,78,834.0,Municipality
78126,11,78,20966.0,Municipality
78128,11,78,1577.0,Municipality
78133,11,78,5633.99999999999,Municipality
78138,11,78,10374.0,Municipality
78140,11,78,1314.0,Municipality
78143,11,78,1394.0,Municipality
78146,11,78,30253.0,Municipality
78147,11,78,471.0,Municipality
78152,11,78,1815.0,Municipality
78158,11,78,31164.0,Municipality
78160,11,78,5678.00000000001,Municipality
78162,11,78,555.999999999998,Municipality
78163,11,78,335.0,Municipality
78164,11,78,826.999999999999,Municipality
78165,11,78,17636.0,Municipality
78168,11,78,4394.0,Municipality
78171,11,78,1205.0,Municipality
78172,11,78,35846.0,Municipality
78185,11,78,374.0,Municipality
78188,11,78,438.000000000002,Municipality
78189,11,78,1612.0,Municipality
78190,11,78,9701.0,Municipality
78192,11,78,1264.0,Municipality
78193,11,78,1037.0,Municipality
78194,11,78,194.0,Municipality
78196,11,78,304.0,Municipality
78202,11,78,562.000000000001,Municipality
78206,11,78,4259.00000000002,Municipality
78208,11,78,25400.0,Municipality
78209,11,78,880.0,Municipality
78217,11,78,6502.99999999997,Municipality
78220,11,78,6708.00000000001,Municipality
78224,11,78,4437.0,Municipality
78227,11,78,786.999999999999,Municipality
78230,11,78,586.0,Municipality
78231,11,78,143.0,Municipality
78233,11,78,2874.0,Municipality
78234,11,78,166.0,Municipality
78236,11,78,590.0,Municipality
78237,11,78,156.0,Municipality
78238,11,78,2410.0,Municipality
78239,11,78,2139.0,Municipality
78242,11,78,13503.0,Municipality
78245,11,78,362.0,Municipality
78246,11,78,981.999999999997,Municipality
78255,11,78,4410.99999999999,Municipality
78261,11,78,676.999999999997,Municipality
78262,11,78,1212.0,Municipality
78263,11,78,2463.0,Municipality
78264,11,78,61.9999999999998,Municipality
78265,11,78,2348.0,Municipality
78267,11,78,7466.99999999998,Municipality
78269,11,78,1280.0,Municipality
78276,11,78,674.0,Municipality
78278,11,78,511.000000000001,Municipality
78281,11,78,622.0,Municipality
78283,11,78,325.000000000001,Municipality
78285,11,78,545.0,Municipality
78289,11,78,915.0,Municipality
78290,11,78,1084.0,Municipality
78291,11,78,2144.0,Municipality
78296,11,78,615.0,Municipality
78297,11,78,28633.0,Municipality
78299,11,78,2289.0,Municipality
78300,11,78,445.999999999998,Municipality
78302,11,78,174.0,Municipality
78305,11,78,247.0,Municipality
78307,11,78,956.000000000003,Municipality
78310,11,78,3640.0,Municipality
78311,11,78,32151.0,Municipality
78314,11,78,4100.0,Municipality
78317,11,78,835.000000000003,Municipality
78320,11,78,652.0,Municipality
78321,11,78,5658.0,Municipality
78322,11,78,8191.0,Municipality
78324,11,78,555.0,Municipality
78325,11,78,609.0,Municipality
78327,11,78,3820.0,Municipality
78329,11,78,788.0,Municipality
78334,11,78,1604.0,Municipality
78335,11,78,16820.0,Municipality
78337,11,78,1942.0,Municipality
78343,11,78,1564.0,Municipality
78344,11,78,670.999999999999,Municipality
78346,11,78,1448.0,Municipality
78349,11,78,502.0,Municipality
78350,11,78,7098.99999999999,Municipality
78354,11,78,6030.0,Municipality
78356,11,78,9326.99999999999,Municipality
78358,11,78,23669.0,Municipality
78361,11,78,44299.0,Municipality
78362,11,78,20452.0,Municipality
78364,11,78,762.0,Municipality
78366,11,78,377.0,Municipality
78367,11,78,3448.0,Municipality
78368,11,78,1706.0,Municipality
78372,11,78,16192.0,Municipality
78380,11,78,5853.99999999999,Municipality
78381,11,78,971.999999999998,Municipality
78382,11,78,4357.99999999999,Municipality
78383,11,78,18281.0,Municipality
78384,11,78,1375.0,Municipality
78385,11,78,210.0,Municipality
78389,11,78,1677.0,Municipality
78391,11,78,422.0,Municipality
78396,11,78,6292.0,Municipality
78397,11,78,6789.0,Municipality
78398,11,78,857.0,Municipality
78401,11,78,8990.0,Municipality
78402,11,78,3676.0,Municipality
78403,11,78,2197.0,Municipality
78404,11,78,258.0,Municipality
78406,11,78,289.0,Municipality
78407,11,78,607.0,Municipality
78410,11,78,977.000000000002,Municipality
78413,11,78,406.0,Municipality
78415,11,78,506.0,Municipality
78416,11,78,315.0,Municipality
78417,11,78,285.0,Municipality
78418,11,78,15019.0,Municipality
78420,11,78,2940.00000000001,Municipality
78423,11,78,32929.0,Municipality
78431,11,78,2930.0,Municipality
78437,11,78,681.999999999999,Municipality
78439,11,78,110.0,Municipality
78440,11,78,32792.0,Municipality
78442,11,78,3373.0,Municipality
78443,11,78,936.000000000003,Municipality
78444,11,78,825.999999999999,Municipality
78451,11,78,1042.0,Municipality
78455,11,78,7550.0,Municipality
78460,11,78,1076.0,Municipality
78464,11,78,1004.0,Municipality
78465,11,78,2370.0,Municipality
78466,11,78,6263.00000000002,Municipality
78470,11,78,898.0,Municipality
78472,11,78,334.0,Municipality
78474,11,78,876.0,Municipality
78475,11,78,364.0,Municipality
78478,11,78,259.000000000001,Municipality
78481,11,78,16072.0,Municipality
78484,11,78,632.0,Municipality
78486,11,78,6723.99999999999,Municipality
78490,11,78,31419.0,Municipality
78497,11,78,930.999999999996,Municipality
78498,11,78,37388.0,Municipality
78499,11,78,636.0,Municipality
78501,11,78,3203.0,Municipality
78502,11,78,5532.0,Municipality
78505,11,78,419.0,Municipality
78506,11,78,870.0,Municipality
78513,11,78,2180.00000000001,Municipality
78516,11,78,952.0,Municipality
78517,11,78,26736.0,Municipality
78518,11,78,107.0,Municipality
78520,11,78,1452.0,Municipality
78522,11,78,906.0,Municipality
78528,11,78,391.000000000001,Municipality
78530,11,78,368.0,Municipality
78531,11,78,6433.0,Municipality
78536,11,78,377.999999999998,Municipality
78537,11,78,6001.00000000001,Municipality
78545,11,78,18795.0,Municipality
78548,11,78,518.0,Municipality
78550,11,78,1869.0,Municipality
78551,11,78,44753.0,Municipality
78557,11,78,920.0,Municipality
78558,11,78,395.000000000001,Municipality
78559,11,78,427.0,Municipality
78561,11,78,451.999999999999,Municipality
78562,11,78,1378.0,Municipality
78564,11,78,642.0,Municipality
78565,11,78,305.999999999999,Municipality
78567,11,78,975.000000000004,Municipality
78569,11,78,938.999999999999,Municipality
78571,11,78,4911.0,Municipality
78575,11,78,7862.0,Municipality
78576,11,78,1568.0,Municipality
78586,11,78,51967.0,Municipality
78588,11,78,937.0,Municipality
78590,11,78,491.0,Municipality
78591,11,78,2348.0,Municipality
78597,11,78,678.0,Municipality
78601,11,78,1641.0,Municipality
78605,11,78,1034.0,Municipality
78606,11,78,35.0,Municipality
78608,11,78,124.0,Municipality
78609,11,78,1024.0,Municipality
78615,11,78,1058.0,Municipality
78616,11,78,1415.0,Municipality
78618,11,78,529.000000000001,Municipality
78620,11,78,1170.0,Municipality
78621,11,78,32584.0,Municipality
78623,11,78,929.999999999998,Municipality
78624,11,78,11892.0,Municipality
78638,11,78,4927.0,Municipality
78640,11,78,22036.0,Municipality
78642,11,78,15577.0,Municipality
78643,11,78,10048.0,Municipality
78644,11,78,6715.00000000001,Municipality
78646,11,78,85862.0,Municipality
78647,11,78,831.0,Municipality
78650,11,78,15889.0,Municipality
78653,11,78,398.0,Municipality
78655,11,78,682.000000000003,Municipality
78668,11,78,640.0,Municipality
78672,11,78,5282.0,Municipality
78674,11,78,10947.0,Municipality
78677,11,78,523.000000000002,Municipality
78681,11,78,794.0,Municipality
78683,11,78,2838.0,Municipality
78686,11,78,16129.0,Municipality
78688,11,78,11088.0,Municipality
91001,11,91,303.0,Municipality
91016,11,91,4270.0,Municipality
91017,11,91,1673.0,Municipality
91021,11,91,10378.0,Municipality
91022,11,91,152.0,Municipality
91027,11,91,34347.0,Municipality
91035,11,91,373.0,Municipality
91037,11,91,324.0,Municipality
91038,11,91,1283.00000000001,Municipality
91041,11,91,984.999999999997,Municipality
91044,11,91,4581.0,Municipality
91045,11,91,7597.0,Municipality
91047,11,91,1315.0,Municipality
91064,11,91,4639.00000000001,Municipality
91067,11,91,120.0,Municipality
91069,11,91,389.0,Municipality
91075,11,91,77.0,Municipality
91079,11,91,526.0,Municipality
91080,11,91,1319.0,Municipality
91081,11,91,683.0,Municipality
91085,11,91,3868.0,Municipality
91086,11,91,9537.99999999999,Municipality
91093,11,91,643.0,Municipality
91095,11,91,2184.00000000001,Municipality
91097,11,91,7552.0,Municipality
91098,11,91,425.0,Municipality
91099,11,91,2998.00000000001,Municipality
91100,11,91,648.000000000001,Municipality
91103,11,91,26528.0,Municipality
91105,11,91,8393.99999999998,Municipality
91106,11,91,1245.0,Municipality
91109,11,91,1250.0,Municipality
91111,11,91,3408.00000000001,Municipality
91112,11,91,133.0,Municipality
91114,11,91,25669.0,Municipality
91115,11,91,3302.0,Municipality
91121,11,91,442.0,Municipality
91122,11,91,9804.00000000001,Municipality
91129,11,91,3336.0,Municipality
91130,11,91,1054.0,Municipality
91131,11,91,430.999999999999,Municipality
91132,11,91,1147.0,Municipality
91135,11,91,2867.0,Municipality
91136,11,91,2761.0,Municipality
91137,11,91,368.000000000001,Municipality
91145,11,91,64.0000000000002,Municipality
91148,11,91,134.0,Municipality
91156,11,91,2055.0,Municipality
91159,11,91,1621.0,Municipality
91161,11,91,20181.0,Municipality
91174,11,91,51292.0,Municipality
91175,11,91,1740.99999999999,Municipality
91179,11,91,4865.0,Municipality
91180,11,91,342.000000000001,Municipality
91184,11,91,267.0,Municipality
91186,11,91,572.0,Municipality
91191,11,91,9231.0,Municipality
91195,11,91,822.0,Municipality
91198,11,91,1508.0,Municipality
91200,11,91,10806.0,Municipality
91201,11,91,28833.0,Municipality
91204,11,91,786.000000000001,Municipality
91207,11,91,5865.0,Municipality
91215,11,91,12446.0,Municipality
91216,11,91,11270.0,Municipality
91223,11,91,25092.0,Municipality
91225,11,91,3161.0,Municipality
91226,11,91,6541.0,Municipality
91228,11,91,67967.0,Municipality
91232,11,91,3800.00000000002,Municipality
91235,11,91,12673.0,Municipality
91240,11,91,211.999999999999,Municipality
91243,11,91,2149.00000000001,Municipality
91244,11,91,1540.0,Municipality
91247,11,91,524.0,Municipality
91248,11,91,162.0,Municipality
91249,11,91,3851.0,Municipality
91272,11,91,21379.0,Municipality
91273,11,91,763.0,Municipality
91274,11,91,1483.0,Municipality
91275,11,91,2751.99999999999,Municipality
91284,11,91,1198.0,Municipality
91286,11,91,28737.0,Municipality
91292,11,91,707.000000000001,Municipality
91293,11,91,929.999999999998,Municipality
91294,11,91,818.999999999998,Municipality
91312,11,91,10052.0,Municipality
91315,11,91,6585.00000000001,Municipality
91318,11,91,1962.0,Municipality
91319,11,91,636.000000000002,Municipality
91326,11,91,16667.0,Municipality
91330,11,91,5526.00000000001,Municipality
91332,11,91,1463.0,Municipality
91333,11,91,4471.0,Municipality
91338,11,91,6625.00000000002,Municipality
91339,11,91,6785.0,Municipality
91340,11,91,7445.00000000002,Municipality
91345,11,91,21221.0,Municipality
91347,11,91,6337.99999999999,Municipality
91359,11,91,2719.0,Municipality
91363,11,91,8139.00000000001,Municipality
91374,11,91,233.0,Municipality
91376,11,91,5388.0,Municipality
91377,11,91,50833.0,Municipality
91378,11,91,275.0,Municipality
91386,11,91,14319.0,Municipality
91390,11,91,3346.99999999999,Municipality
91393,11,91,613.999999999998,Municipality
91399,11,91,211.000000000001,Municipality
91405,11,91,4609.0,Municipality
91408,11,91,1253.0,Municipality
91411,11,91,1914.0,Municipality
91412,11,91,726.999999999999,Municipality
91414,11,91,382.0,Municipality
91421,11,91,23775.0,Municipality
91425,11,91,7593.0,Municipality
91432,11,91,13729.0,Municipality
91433,11,91,4346.0,Municipality
91434,11,91,20909.0,Municipality
91435,11,91,526.000000000001,Municipality
91441,11,91,470.0,Municipality
91457,11,91,4097.0,Municipality
91458,11,91,4641.99999999999,Municipality
91461,11,91,4722.0,Municipality
91463,11,91,1038.0,Municipality
91468,11,91,2046.0,Municipality
91469,11,91,921.000000000002,Municipality
91471,11,91,16421.0,Municipality
91473,11,91,193.0,Municipality
91477,11,91,35514.0,Municipality
91479,11,91,7457.0,Municipality
91482,11,91,549.000000000001,Municipality
91494,11,91,4103.0,Municipality
91495,11,91,329.999999999999,Municipality
91507,11,91,295.0,Municipality
91508,11,91,265.999999999999,Municipality
91511,11,91,2200.0,Municipality
91514,11,91,9021.00000000001,Municipality
91519,11,91,397.0,Municipality
91521,11,91,29225.0,Municipality
91525,11,91,1393.0,Municipality
91526,11,91,107.0,Municipality
91533,11,91,1806.0,Municipality
91534,11,91,4029.0,Municipality
91538,11,91,703.0,Municipality
91540,11,91,5072.0,Municipality
91544,11,91,516.999999999999,Municipality
91546,11,91,978.0,Municipality
91547,11,91,562.0,Municipality
91549,11,91,36207.0,Municipality
91552,11,91,10707.0,Municipality
91553,11,91,7493.0,Municipality
91556,11,91,408.000000000001,Municipality
91560,11,91,441.0,Municipality
91568,11,91,1564.0,Municipality
91570,11,91,19758.0,Municipality
91573,11,91,10835.0,Municipality
91577,11,91,5719.99999999999,Municipality
91578,11,91,294.0,Municipality
91579,11,91,3059.0,Municipality
91581,11,91,894.0,Municipality
91587,11,91,5886.00000000001,Municipality
91589,11,91,36533.0,Municipality
91593,11,91,1622.00000000001,Municipality
91599,11,91,1269.0,Municipality
91600,11,91,7154.0,Municipality
91602,11,91,428.0,Municipality
91613,11,91,221.0,Municipality
91617,11,91,4017.0,Municipality
91619,11,91,272.0,Municipality
91629,11,91,612.0,Municipality
91630,11,91,1475.0,Municipality
91631,11,91,2310.0,Municipality
91634,11,91,1287.0,Municipality
91635,11,91,2059.0,Municipality
91639,11,91,929.0,Municipality
91645,11,91,15242.0,Municipality
91648,11,91,2322.0,Municipality
91649,11,91,2790.0,Municipality
91654,11,91,599.999999999998,Municipality
91657,11,91,31574.0,Municipality
91659,11,91,5438.0,Municipality
91661,11,91,10489.0,Municipality
91662,11,91,723.999999999999,Municipality
91665,11,91,7753.00000000002,Municipality
91666,11,91,2385.0,Municipality
91667,11,91,6996.0,Municipality
91671,11,91,617.0,Municipality
91679,11,91,1237.0,Municipality
91685,11,91,4548.0,Municipality
91687,11,91,31093.0,Municipality
91689,11,91,7470.0,Municipality
91691,11,91,29029.0,Municipality
91692,11,91,25208.0,Municipality
92002,11,92,62570.0,Municipality
92004,11,92,85191.0,Municipality
92007,11,92,40918.0,Municipality
92009,11,92,28239.0,Municipality
92012,11,92,120071.0,Municipality
92014,11,92,20667.0,Municipality
92019,11,92,33286.0,Municipality
92020,11,92,37355.0,Municipality
92022,11,92,20520.0,Municipality
92023,11,92,52971.0,Municipality
92024,11,92,61070.0,Municipality
92025,11,92,85177.0,Municipality
92026,11,92,81719.0,Municipality
92032,11,92,24564.0,Municipality
92033,11,92,17869.0,Municipality
92035,11,92,29169.0,Municipality
92036,11,92,46907.0,Municipality
92040,11,92,68451.0,Municipality
92044,11,92,64379.0,Municipality
92046,11,92,30720.0,Municipality
92047,11,92,1810.0,Municipality
92048,11,92,45352.0,Municipality
92049,11,92,50260.0,Municipality
92050,11,92,95105.0,Municipality
92051,11,92,60361.0,Municipality
92060,11,92,29100.0,Municipality
92062,11,92,44645.0,Municipality
92063,11,92,78152.0,Municipality
92064,11,92,29973.0,Municipality
92071,11,92,19344.0,Municipality
92072,11,92,23507.0,Municipality
92073,11,92,48264.0,Municipality
92075,11,92,27729.0,Municipality
92076,11,92,8667.00000000001,Municipality
92077,11,92,11453.0,Municipality
92078,11,92,23771.0,Municipality
93001,11,93,86375.0,Municipality
93005,11,93,85740.0,Municipality
93006,11,93,35674.0,Municipality
93007,11,93,56783.0,Municipality
93008,11,93,53640.0,Municipality
93010,11,93,53353.0,Municipality
93013,11,93,16594.0,Municipality
93014,11,93,29348.0,Municipality
93015,11,93,4833.0,Municipality
93027,11,93,43054.0,Municipality
93029,11,93,71318.0,Municipality
93030,11,93,10732.0,Municipality
93031,11,93,55084.0,Municipality
93032,11,93,39358.0,Municipality
93033,11,93,6869.0,Municipality
93039,11,93,7981.0,Municipality
93045,11,93,23045.0,Municipality
93046,11,93,44437.0,Municipality
93047,11,93,26783.0,Municipality
93048,11,93,109897.0,Municipality
93049,11,93,21150.0,Municipality
93050,11,93,34993.0,Municipality
93051,11,93,68183.0,Municipality
93053,11,93,44136.0,Municipality
93055,11,93,57482.0,Municipality
93057,11,93,23962.0,Municipality
93059,11,93,30306.0,Municipality
93061,11,93,17950.0,Municipality
93062,11,93,14648.0,Municipality
93063,11,93,27567.0,Municipality
93064,11,93,46207.0,Municipality
93066,11,93,111135.0,Municipality
93070,11,93,51108.0,Municipality
93071,11,93,51016.0,Municipality
93072,11,93,38720.0,Municipality
93073,11,93,36180.0,Municipality
93074,11,93,7030.0,Municipality
93077,11,93,29964.0,Municipality
93078,11,93,36830.0,Municipality
93079,11,93,13646.0,Municipality
94001,11,94,5785.0,Municipality
94002,11,94,43881.0,Municipality
94003,11,94,21501.0,Municipality
94004,11,94,16345.0,Municipality
94011,11,94,17950.0,Municipality
94015,11,94,16624.0,Municipality
94016,11,94,31069.0,Municipality
94017,11,94,77630.0,Municipality
94018,11,94,30374.0,Municipality
94019,11,94,18321.0,Municipality
94021,11,94,19491.0,Municipality
94022,11,94,45331.0,Municipality
94028,11,94,90605.0,Municipality
94033,11,94,52939.0,Municipality
94034,11,94,27802.0,Municipality
94037,11,94,18605.0,Municipality
94038,11,94,31204.0,Municipality
94041,11,94,62052.0,Municipality
94042,11,94,19133.0,Municipality
94043,11,94,25334.0,Municipality
94044,11,94,27228.0,Municipality
94046,11,94,55655.0,Municipality
94047,11,94,4754.99999999998,Municipality
94048,11,94,4847.00000000001,Municipality
94052,11,94,32851.0,Municipality
94053,11,94,4651.0,Municipality
94054,11,94,23801.0,Municipality
94055,11,94,10305.0,Municipality
94056,11,94,2668.0,Municipality
94058,11,94,33879.0,Municipality
94059,11,94,20130.0,Municipality
94060,11,94,11931.0,Municipality
94065,11,94,5610.99999999998,Municipality
94067,11,94,22619.0,Municipality
94068,11,94,74859.0,Municipality
94069,11,94,14056.0,Municipality
94070,11,94,3775.0,Municipality
94071,11,94,26472.0,Municipality
94073,11,94,29017.0,Municipality
94074,11,94,14796.0,Municipality
94075,11,94,10458.0,Municipality
94076,11,94,54753.0,Municipality
94077,11,94,21384.0,Municipality
94078,11,94,33545.0,Municipality
94079,11,94,28456.0,Municipality
94080,11,94,49891.0,Municipality
94081,11,94,93557.0,Municipality
95002,11,95,1161.0,Municipality
95008,11,95,915.999999999997,Municipality
95011,11,95,371.999999999999,Municipality
95012,11,95,210.0,Municipality
95014,11,95,2590.0,Municipality
95018,11,95,110210.0,Municipality
95019,11,95,14227.0,Municipality
95023,11,95,655.999999999999,Municipality
95024,11,95,277.999999999999,Municipality
95026,11,95,2650.0,Municipality
95028,11,95,1702.0,Municipality
95039,11,95,6907.99999999999,Municipality
95040,11,95,852.000000000001,Municipality
95042,11,95,1956.99999999999,Municipality
95046,11,95,154.0,Municipality
95051,11,95,8683.0,Municipality
95052,11,95,9576.00000000001,Municipality
95054,11,95,234.0,Municipality
95055,11,95,485.000000000001,Municipality
95056,11,95,2189.0,Municipality
95058,11,95,2708.0,Municipality
95059,11,95,352.0,Municipality
95060,11,95,7318.0,Municipality
95061,11,95,414.0,Municipality
95063,11,95,29383.0,Municipality
95074,11,95,745.0,Municipality
95078,11,95,1816.0,Municipality
95088,11,95,1076.0,Municipality
95091,11,95,6327.0,Municipality
95094,11,95,305.999999999999,Municipality
95101,11,95,957.0,Municipality
95102,11,95,373.0,Municipality
95110,11,95,206.0,Municipality
95116,11,95,4323.0,Municipality
95119,11,95,325.0,Municipality
95120,11,95,2272.0,Municipality
95127,11,95,65177.0,Municipality
95134,11,95,5018.0,Municipality
95139,11,95,333.0,Municipality
95141,11,95,36.0,Municipality
95142,11,95,2109.99999999999,Municipality
95144,11,95,74.0,Municipality
95149,11,95,3261.00000000001,Municipality
95150,11,95,591.0,Municipality
95151,11,95,299.0,Municipality
95154,11,95,306.0,Municipality
95157,11,95,138.0,Municipality
95166,11,95,459.0,Municipality
95169,11,95,483.0,Municipality
95170,11,95,556.0,Municipality
95176,11,95,24161.0,Municipality
95177,11,95,1402.0,Municipality
95181,11,95,268.0,Municipality
95183,11,95,6681.00000000001,Municipality
95197,11,95,22306.0,Municipality
95199,11,95,15514.0,Municipality
95203,11,95,25097.0,Municipality
95205,11,95,7188.0,Municipality
95210,11,95,11228.0,Municipality
95211,11,95,2430.0,Municipality
95212,11,95,107.0,Municipality
95213,11,95,615.0,Municipality
95214,11,95,68.0000000000003,Municipality
95218,11,95,17354.0,Municipality
95219,11,95,29108.0,Municipality
95229,11,95,9774.99999999999,Municipality
95241,11,95,1980.0,Municipality
95250,11,95,9679.0,Municipality
95252,11,95,36762.0,Municipality
95253,11,95,499.0,Municipality
95254,11,95,571.999999999999,Municipality
95256,11,95,3337.0,Municipality
95257,11,95,4686.00000000001,Municipality
95258,11,95,358.000000000001,Municipality
95268,11,95,42728.0,Municipality
95270,11,95,543.0,Municipality
95271,11,95,528.000000000001,Municipality
95277,11,95,25999.0,Municipality
95280,11,95,30637.0,Municipality
95282,11,95,165.0,Municipality
95287,11,95,696.0,Municipality
95288,11,95,8777.99999999999,Municipality
95295,11,95,155.0,Municipality
95298,11,95,550.0,Municipality
95301,11,95,278.0,Municipality
95303,11,95,211.0,Municipality
95304,11,95,282.0,Municipality
95306,11,95,29342.0,Municipality
95308,11,95,604.999999999999,Municipality
95309,11,95,214.0,Municipality
95313,11,95,12057.0,Municipality
95316,11,95,258.0,Municipality
95323,11,95,16035.0,Municipality
95328,11,95,626.0,Municipality
95331,11,95,176.0,Municipality
95341,11,95,385.0,Municipality
95348,11,95,541.999999999999,Municipality
95351,11,95,10337.0,Municipality
95352,11,95,4551.00000000001,Municipality
95353,11,95,1842.99999999999,Municipality
95355,11,95,5653.0,Municipality
95365,11,95,698.0,Municipality
95369,11,95,2887.0,Municipality
95370,11,95,3481.00000000001,Municipality
95371,11,95,5677.0,Municipality
95379,11,95,189.0,Municipality
95387,11,95,60.0,Municipality
95388,11,95,5771.00000000002,Municipality
95392,11,95,5082.99999999999,Municipality
95394,11,95,9892.0,Municipality
95395,11,95,921.000000000001,Municipality
95409,11,95,1346.99999999999,Municipality
95422,11,95,368.999999999998,Municipality
95424,11,95,21601.0,Municipality
95426,11,95,2978.0,Municipality
95427,11,95,14173.0,Municipality
95428,11,95,21461.0,Municipality
95429,11,95,416.999999999999,Municipality
95430,11,95,3482.0,Municipality
95436,11,95,1609.0,Municipality
95438,11,95,130.0,Municipality
95445,11,95,663.0,Municipality
95446,11,95,1843.0,Municipality
95447,11,95,208.0,Municipality
95450,11,95,2048.0,Municipality
95452,11,95,816.0,Municipality
95456,11,95,665.0,Municipality
95459,11,95,711.999999999999,Municipality
95462,11,95,319.0,Municipality
95476,11,95,16910.0,Municipality
95480,11,95,5549.0,Municipality
95483,11,95,541.0,Municipality
95487,11,95,12695.0,Municipality
95488,11,95,8393.0,Municipality
95489,11,95,676.0,Municipality
95491,11,95,8408.0,Municipality
95492,11,95,71.0,Municipality
95493,11,95,136.000000000001,Municipality
95500,11,95,30767.0,Municipality
95504,11,95,3904.0,Municipality
95509,11,95,3523.0,Municipality
95510,11,95,603.0,Municipality
95523,11,95,478.0,Municipality
95527,11,95,2883.0,Municipality
95529,11,95,872.000000000001,Municipality
95535,11,95,1114.0,Municipality
95539,11,95,14883.0,Municipality
95541,11,95,996.000000000001,Municipality
95543,11,95,244.000000000001,Municipality
95554,11,95,919.999999999996,Municipality
95555,11,95,20682.0,Municipality
95563,11,95,15798.0,Municipality
95566,11,95,2777.99999999999,Municipality
95572,11,95,23741.0,Municipality
95574,11,95,7157.99999999999,Municipality
95580,11,95,2383.00000000001,Municipality
95582,11,95,26662.0,Municipality
95584,11,95,672.0,Municipality
95585,11,95,58587.0,Municipality
95592,11,95,1299.0,Municipality
95594,11,95,998.999999999999,Municipality
95598,11,95,18155.0,Municipality
95604,11,95,4171.0,Municipality
95607,11,95,26441.0,Municipality
95610,11,95,297.0,Municipality
95611,11,95,45.0,Municipality
95612,11,95,4557.0,Municipality
95625,11,95,1322.0,Municipality
95627,11,95,612.0,Municipality
95628,11,95,1195.0,Municipality
95633,11,95,92.0,Municipality
95637,11,95,16464.0,Municipality
95641,11,95,2471.0,Municipality
95651,11,95,857.0,Municipality
95652,11,95,5175.00000000001,Municipality
95656,11,95,415.999999999999,Municipality
95658,11,95,1089.0,Municipality
95660,11,95,776.0,Municipality
95675,11,95,1001.0,Municipality
95676,11,95,503.000000000002,Municipality
95678,11,95,859.0,Municipality
95680,11,95,27676.0,Municipality
95682,11,95,185.0,Municipality
95690,11,95,333.000000000001,Municipality
01,,,390253.00000000006,Region
02,,,372593.99999999994,Region
03,,,268700.0,Region
04,,,853659.0,Region
11,,,14362406.0,Region
24,,,2576252.0,Region
27,,,2811423.0,Region
28,,,3330478.0,Region
32,,,6003815.0,Region
44,,,5549586.0,Region
52,,,3757600.0,Region
53,,,3318904.0,Region
75,,,5956978.0,Region
76,,,5845102.0,Region
84,,,8464379.0,Region
93,,,5894200.0,Region
94,,,334937.99999999994,Region
